{"model":{"version":2,"nodes":[{"name":"RootNode","position":[0,0,0],"rotation":[0,0,0],"scale":[1,1,1]},{"name":"Diamond","position":[-1.55613e-06,0,0],"rotation":[-90,-0,0],"scale":[1,1,1]}],"parents":[-1,0],"skins":[],"vertices":[{"position":{"type":"float32","components":3,"data":[-0.297678,0,0.104329,-0.210491,0.210491,0.104329,0,0,-0.25258,-0.210491,0.210491,0.104329,0,0.297678,0.104329,0,0,-0.25258,0,0.297678,0.104329,0.210491,0.210491,0.104329,0,0,-0.25258,0.210491,0.210491,0.104329,0.297678,0,0.104329,0,0,-0.25258,0.297678,0,0.104329,0.210491,-0.210491,0.104329,0,0,-0.25258,0.210491,-0.210491,0.104329,0,-0.297678,0.104329,0,0,-0.25258,0,-0.297678,0.104329,-0.210491,-0.210491,0.104329,0,0,-0.25258,-0.210491,-0.210491,0.104329,-0.297678,0,0.104329,0,0,-0.25258,0,-0.1779,0.25258,0.125793,-0.125793,0.25258,0.1779,0,0.25258,-0.1779,0,0.25258,0.125793,0.125793,0.25258,0,0.1779,0.25258,-0.125793,0.125793,0.25258,-0.125793,-0.125793,0.25258,-0.297678,0,0.104329,-0.1779,0,0.25258,-0.125793,0.125793,0.25258,-0.210491,0.210491,0.104329,-0.210491,-0.210491,0.104329,-0.125793,-0.125793,0.25258,-0.1779,0,0.25258,-0.297678,0,0.104329,0,-0.297678,0.104329,0,-0.1779,0.25258,-0.125793,-0.125793,0.25258,-0.210491,-0.210491,0.104329,0.210491,-0.210491,0.104329,0.125793,-0.125793,0.25258,0,-0.1779,0.25258,0,-0.297678,0.104329,0.297678,0,0.104329,0.1779,0,0.25258,0.125793,-0.125793,0.25258,0.210491,-0.210491,0.104329,0.210491,0.210491,0.104329,0.125793,0.125793,0.25258,0.1779,0,0.25258,0.297678,0,0.104329,0,0.297678,0.104329,0,0.1779,0.25258,0.125793,0.125793,0.25258,0.210491,0.210491,0.104329,-0.210491,0.210491,0.104329,-0.125793,0.125793,0.25258,0,0.1779,0.25258,0,0.297678,0.104329]},"normal":{"type":"float32","components":3,"data":[-0.7318,0.3031,-0.6104,-0.7318,0.3031,-0.6104,-0.7318,0.3031,-0.6104,-0.3031,0.7318,-0.6104,-0.3031,0.7318,-0.6104,-0.3031,0.7318,-0.6104,0.3031,0.7318,-0.6104,0.3031,0.7318,-0.6104,0.3031,0.7318,-0.6104,0.7318,0.3031,-0.6104,0.7318,0.3031,-0.6104,0.7318,0.3031,-0.6104,0.7318,-0.3031,-0.6104,0.7318,-0.3031,-0.6104,0.7318,-0.3031,-0.6104,0.3031,-0.7318,-0.6104,0.3031,-0.7318,-0.6104,0.3031,-0.7318,-0.6104,-0.3031,-0.7318,-0.6104,-0.3031,-0.7318,-0.6104,-0.3031,-0.7318,-0.6104,-0.7318,-0.3031,-0.6104,-0.7318,-0.3031,-0.6104,-0.7318,-0.3031,-0.6104,0,0,1,0,0,1,0,0,1,0,0,1,0,0,1,0,0,1,0,0,1,0,0,1,-0.7404,0.3067,0.5982,-0.7404,0.3067,0.5982,-0.7404,0.3067,0.5982,-0.7404,0.3067,0.5982,-0.7404,-0.3067,0.5982,-0.7404,-0.3067,0.5982,-0.7404,-0.3067,0.5982,-0.7404,-0.3067,0.5982,-0.3067,-0.7404,0.5982,-0.3067,-0.7404,0.5982,-0.3067,-0.7404,0.5982,-0.3067,-0.7404,0.5982,0.3067,-0.7404,0.5982,0.3067,-0.7404,0.5982,0.3067,-0.7404,0.5982,0.3067,-0.7404,0.5982,0.7404,-0.3067,0.5982,0.7404,-0.3067,0.5982,0.7404,-0.3067,0.5982,0.7404,-0.3067,0.5982,0.7404,0.3067,0.5982,0.7404,0.3067,0.5982,0.7404,0.3067,0.5982,0.7404,0.3067,0.5982,0.3067,0.7404,0.5982,0.3067,0.7404,0.5982,0.3067,0.7404,0.5982,0.3067,0.7404,0.5982,-0.3067,0.7404,0.5982,-0.3067,0.7404,0.5982,-0.3067,0.7404,0.5982,-0.3067,0.7404,0.5982]},"texCoord0":{"type":"float32","components":2,"data":[0.6617,0.4784,0.5674,0.3196,0.9308,0.3185,0.2946,0.6371,0.2003,0.4784,0.4694,0.3185,0.2003,0.4784,0.106,0.3196,0.4694,0.3185,0.756,0.9823,0.6617,0.8236,0.9308,0.6637,0.6617,0.8236,0.5674,0.6649,0.9308,0.6637,0.2946,0.9823,0.2003,0.8236,0.4694,0.6637,0.2003,0.8236,0.106,0.6649,0.4694,0.6637,0.756,0.6371,0.6617,0.4784,0.9308,0.3185,0.6566,0.0964,0.6554,0.2159,0.5701,0.2995,0.4535,0.01,0.4507,0.2983,0.3671,0.213,0.3683,0.0936,0.573,0.0112,0.6617,0.4784,0.5499,0.5448,0.4935,0.4499,0.5674,0.3196,0.756,0.6371,0.6062,0.6396,0.5499,0.5448,0.6617,0.4784,0.2003,0.8236,0.0885,0.89,0.0321,0.7952,0.106,0.6649,0.2946,0.9823,0.1448,0.9849,0.0885,0.89,0.2003,0.8236,0.6617,0.8236,0.5499,0.89,0.4935,0.7952,0.5674,0.6649,0.756,0.9823,0.6062,0.9849,0.5499,0.89,0.6617,0.8236,0.2003,0.4784,0.0885,0.5448,0.0321,0.4499,0.106,0.3196,0.2946,0.6371,0.1448,0.6396,0.0885,0.5448,0.2003,0.4784]}}],"meshes":[{"aabb":{"min":[-0.297678,-0.297678,-0.25258],"max":[0.297678,0.297678,0.25258]},"vertices":0,"indices":[0,1,2,3,4,5,6,7,8,9,10,11,12,13,14,15,16,17,18,19,20,21,22,23,24,25,26,26,27,24,26,28,29,29,27,26,29,30,27,31,24,27,32,33,34,34,35,32,36,37,38,38,39,36,40,41,42,42,43,40,44,45,46,46,47,44,48,49,50,50,51,48,52,53,54,54,55,52,56,57,58,58,59,56,60,61,62,62,63,60],"type":"triangles","base":0,"count":90}],"meshInstances":[{"node":1,"mesh":0}]}}