{"model":{"version":2,"nodes":[{"name":"RootNode","position":[0,0,0],"rotation":[0,0,0],"scale":[1,1,1]},{"name":"Plane","position":[0,0,0],"rotation":[-90,0,0],"scale":[0.0254,0.0254,0.0254]}],"parents":[-1,0],"skins":[],"vertices":[{"position":{"type":"float32","components":3,"data":[7.87402,19.685,-2.38419e-07,7.87402,-19.685,-2.38419e-07,-7.87402,-19.685,-2.38419e-07,-7.87402,19.685,-2.38419e-07,7.87402,19.685,3.93701,-7.87402,19.685,3.93701,-7.87402,-19.685,3.93701,7.87402,-19.685,3.93701,7.87402,-19.685,3.93701,-7.87402,-19.685,3.93701,-7.87402,-19.685,-2.38419e-07,7.87402,-19.685,-2.38419e-07,7.87402,19.685,3.93701,7.87402,-19.685,3.93701,7.87402,-19.685,-2.38419e-07,7.87402,19.685,-2.38419e-07,-7.87402,19.685,3.93701,7.87402,19.685,3.93701,7.87402,19.685,-2.38419e-07,-7.87402,19.685,-2.38419e-07,-7.87402,-19.685,3.93701,-7.87402,19.685,3.93701,-7.87402,19.685,-2.38419e-07,-7.87402,-19.685,-2.38419e-07]},"normal":{"type":"float32","components":3,"data":[0,0,-1,0,0,-1,0,0,-1,0,0,-1,0,0,1,0,0,1,0,0,1,0,0,1,0,-1,0,0,-1,0,0,-1,0,0,-1,0,1,0,0,1,0,0,1,0,0,1,0,0,0,1,0,0,1,0,0,1,0,0,1,0,-1,0,0,-1,0,0,-1,0,0,-1,0,0]},"texCoord0":{"type":"float32","components":2,"data":[0,1,0,0,1,0,1,1,1,1,0,1,0,0,1,0,0,1,5.96046e-08,5.96046e-08,0.1,5.96046e-08,0.1,1,1,1,0,1,0,0.9,1,0.9,5.96046e-08,5.96046e-08,0,1,0.1,1,0.1,5.96046e-08,0,1,1,1,1,0.9,0,0.9]}}],"meshes":[{"aabb":{"min":[-7.87402,-19.685,-2.38419e-07],"max":[7.87402,19.685,3.93701]},"vertices":0,"indices":[0,1,2,2,3,0,4,5,6,6,7,4,8,9,10,10,11,8,12,13,14,14,15,12,16,17,18,18,19,16,20,21,22,22,23,20],"type":"triangles","base":0,"count":36}],"meshInstances":[{"node":1,"mesh":0}]}}